INSERT INTO MEMBER(MEM_NAME, MEM_EMAIL, MEM_PASSWORD, MEM_PHONE,
                   MEM_BIRTHDAY, MEM_GENDER, MEM_ADDRESS, MEM_DATE)
VALUES ('apache', 'app@diyla.com', 'api123456', '0900111222', '2004-12-31', '0', '台北市信義區信義路五段7號89樓',
        '2021-4-1'),
       ('blob', 'border@diyla.com', 'b654321', '0900222333', '1997-12-9', '1', '桃園市中壢區復興路46號9樓之805',
        '2020-5-5'),
       ('const', 'chatgpt@diyla.com', '123c456', '0912333444', '1980-3-10', '1', '臺中市清水區美堤街8號', '2020-02-29'),
       ('david', 'doget@diyla.com', '098765d', '0955888999', '1950-6-30', '0', '花蓮縣壽豐鄉福德189號', '2022-12-31'),
       ('exception', 'error@diyla.com', '3456e78', '0977888666', '1977-9-3', '0', '屏東縣鹽埔鄉仕絨村東平街25號',
        '2023-4-4');


INSERT INTO diyla.commodity_class (COM_CLASS_NAME)
VALUES ('烘焙器材'),
       ('食材原料'),
       ('精緻點心');


INSERT INTO diyla.commodity (COM_CLASS_NO, COM_NAME, COM_PIC, COM_DES, COM_PRI, COM_QUA, COM_STATE, COMMENT_TOTAL,
                             RATING_SUM, UPDATE_TIME)
VALUES (1, '擀麵棍', null, '取材等級最高的A級櫸木,竹木紋理完全保留,木製品的美也源於此。麵粉不容易沾黏，桿麵團超便利！',
        150, 50, 1, 0, 0, DEFAULT),
       (1, '隔熱手套(單支)', null, '多彩微波爐手套，特製防滑硅膠，隔熱防滑。精選面料，經久耐用，牢固度高。', 50, 100, 1, 0, 0,
        DEFAULT),

       (1, '電動打蛋機', null,
        '七段變速，甜點、副食品等DIY輕鬆搞定！30秒迅速打發蛋白！機身輕巧，力氣較小的女生也可以輕鬆操作！', 250, 30, 1, 0, 0,
        DEFAULT),
       (1, '8吋派模', null, '氣炸鍋可用，耐磨、受熱均勻！表面不沾塗層，更好脫模！', 100, 50, 1, 0, 0, DEFAULT),

       (2, '肉桂棒50克', null, '本產品經檢驗合格，無農藥殘留。取自接近樹幹中心的樹皮所製成的品質上等肉桂。', 60, 20, 1, 0,
        0, DEFAULT),

       (2, '無鹽奶油300克', null,
        '純淨天然，絕無人工添加，新鮮的乳香味，爽口不油膩，溶點溫度低於體溫，入口即化，操作性更佳。',
        150, 30, 1, 0, 0, DEFAULT),

       (2, '細砂糖1公斤', null, '除了可產生梅納反應，上色等優點，對於食材也有保濕的功能。', 45, 50, 1, 0, 0, DEFAULT),

       (2, '低筋麵粉1公斤', null, '適用於精緻蛋糕、高級餅乾、高級西點和菓子。無添加任何漂白劑、防腐劑及其他添加物。', 50, 50,
        1, 0, 0, DEFAULT),

       (3, '可頌5入', null,
        '使用原裝進口的奶油精心調製而成，使用方便，不需發酵只要稍加解凍、復熱即可享用。酥脆表皮、Q軟內部組織、濃郁的奶油香，讓人垂涎欲滴。刷上楓糖漿成楓糖牛角、沾上巧克力成巧克力牛角、剖開夾入喜愛的餡料成美味的牛角堡等等，千變萬化，隨心所欲，正餐、午茶、點心皆適宜。 ',
        100, 15, 1, 0, 0, DEFAULT),

       (3, '手工曲奇餅乾280克', null,
        '嚴選頂級天然奶油、小麥麵粉、國產新鮮殺菌雞蛋，絕無添加任何防腐劑及人工香料。午茶點心必備！', 170, 15, 1, 0, 0,
        DEFAULT),

       (3, '布朗尼', null, '綿密鬆軟的布朗尼搭配香甜巧克力，吃起來甜而不膩。', 25, 20, 1, 0, 0, DEFAULT),

       (3, '年輪蛋糕', null, '手工慢火烘製，口感紮實綿密。', 35, 30, 1, 0, 0, DEFAULT);


INSERT INTO diyla.commodity_order (MEM_ID, ORDER_TIME, ORDER_STATUS, ORDER_PRICE, DISCOUNT_PRICE, ACTUAL_PRICE,
                                   UPDATE_TIME, RECIPIENT, RECIPIENT_ADDRESS, PHONE)

VALUES (1, DEFAULT, 3, 85, 0, 85, DEFAULT, '老爹', 0987654321, '南方公園'),

       (2, DEFAULT, 2, 400, 0, 400, DEFAULT, '大頭', 0987654321, '南方公園'),

       (3, DEFAULT, 2, 295, 0, 295, DEFAULT, '凱子', 0987654321, '南方公園');

INSERT INTO diyla.commodity_order_detail (ORDER_NO, COM_NO, COM_QUANTITY, COM_PRICE)
VALUES (1, 11, 2, 25),

       (1, 12, 1, 35),

       (2, 3, 1, 250),

       (2, 6, 1, 150),

       (3, 7, 1, 45),

       (3, 8, 1, 50),

       (3, 9, 1, 100);

INSERT INTO diyla.commodity_comment (COM_NO, MEM_ID, RATING, COM_CONTENT, COM_TIME)
VALUES (11, 1, 5, '超級好吃', DEFAULT);
INSERT INTO diyla.commodity_comment (COM_NO, MEM_ID, RATING, COM_CONTENT, COM_TIME)
VALUES (1, 2, 5, '讚', DEFAULT),
    (2, 2, 5, '讚', DEFAULT),
    (3, 2, 5, '讚', DEFAULT),
    (4, 2, 5, '讚', DEFAULT),
    (5, 2, 5, '讚', DEFAULT),
    (6, 2, 5, '讚', DEFAULT),
    (7, 2, 5, '讚', DEFAULT),
    (8, 2, 5, '讚', DEFAULT),
    (9, 2, 5, '讚', DEFAULT),
    (10, 2, 5, '讚', DEFAULT),
    (11, 2, 5, '讚', DEFAULT),
    (12, 2, 5, '讚', DEFAULT),
    (1, 1, 5, '超好用', DEFAULT),
    (1, 3, 1, '不推', DEFAULT),
    (1, 4, 4, '有點貴', DEFAULT);


INSERT INTO LATESTNEWS (NEWS_CONTEXT)
VALUES ("【甜點DIY公告】
親愛的顧客們，

我們很高興宣佈將於本月底推出一系列有趣又美味的甜點DIY活動！這是一個難得的機會，讓您在家中也能享受親手製作精緻甜點的樂趣。請務必細讀以下詳情，並記得預約您心儀的DIY體驗。

活動日期：每週六和週日，從本月底開始，共持續四週

活動時間：上午10點至下午4點

地點：我們位於市中心的甜點工作坊

活動內容：

了解甜點製作的基本技巧：我們的專業師傅將向您展示製作各種甜點的基本步驟，從麵團的製作到烘焙、裝飾等細節。

DIY甜點體驗：您將有機會親手製作多種美味的甜點，包括香濃巧克力蛋糕、口感鬆軟的香草杯子蛋糕、多層次的水果塔等等。無需經驗，適合初學者和家庭參與。

專業指導：我們的甜點師傅將在整個DIY過程中全程指導，並分享一些秘訣，讓您的甜點更加完美。

交流和分享：在活動中，您將有機會認識其他喜歡甜點的朋友，一同分享您的烘焙心得和美味作品。

費用：
每人參與費用：650元（包括所有食材和材料）

預約方式：
請提前致電我們的客服中心，預約您想參加的日期。由於名額有限，請盡早預訂以確保您的位置。

備註：

本活動歡迎所有年齡層的人士參與，兒童必須由家長或監護人陪同參加。
請穿著舒適的衣物和防滑鞋，以確保您在工作坊中的安全。
我們期待著與您一同度過愉快的甜點DIY時光！讓我們一起創造美味與甜蜜的回憶。

感謝您的支持！

DIYLA"),
       ("【美味烘焙工坊即將開幕】

親愛的顧客們，

我們非常興奮地宣佈，即將於本月底正式開放我們全新的美味烘焙工坊！這個烘焙工坊將是您探索烹飪藝術和烘焙技巧的理想場所。以下是詳細資訊：

工坊開放日期：從本月底開始，每週六和週日持續四週。

活動時間：上午10點至下午4點。

地點：我們位於市中心的烘焙工坊，地址將在預約確認信中提供。

工坊內容：

基礎烘焙技巧學習：由我們的烘焙專家帶領，學習從頭開始製作美味糕點和麵包的基本技巧。從麵團製作到烘焙，一切都在這裡學！

DIY烘焙體驗：親手製作各種令人垂涎的糕點，包括新鮮的法國麵包、巧克力慕斯蛋糕、迷你果醬派等等。無論您是新手還是有經驗的廚師，都歡迎參加！

專業指導：我們的烘焙專家將在整個DIY過程中提供專業指導，並分享寶貴的秘訣，以確保您的烘焙成果完美無缺。

烘焙社群交流：在工坊中，您將有機會認識其他烘焙愛好者，一同分享您的烘焙心得和美味創作。一個充滿烘焙熱情的社群等著您！

費用：每位參與者僅需支付750元，費用包括所有食材和材料。

預約方式：由於名額有限，請提前致電我們的客服中心，預約您心儀的日期。請注意，兒童參與時必須由家長或監護人陪同。

備註：

請穿著舒適的衣物和防滑鞋，以確保您在工坊中的安全。
我們將提供所有所需的烘焙用具，您只需帶著熱情和好奇心來！
我們迫不及待地期待與您一同度過美味的烘焙時光，一起探索烘焙的奧秘！

感謝您的支持！

DIYLA 敬上");

INSERT INTO COMMONPROBLEM (PBM_SORT, PBM_TITLE, PBM_CONTEXT)
VALUES (1, '我沒有烘焙經驗，可以參加甜點DIY嗎？',
        '當然可以！我們的甜點DIY活動歡迎所有年齡層的人士參與，不需要任何烘焙經驗。我們的專業師傅將會在活動中向您展示製作甜點的基本步驟，並在整個過程中提供指導。您只需要帶著好奇心和熱情參與，一起體驗製作美味甜點的樂趣！'),
       (1, '我是否需要攜帶任何工具或材料？',
        '不用擔心，我們會為您準備所有的食材和所需的工具。您只需攜帶好心情前來參加活動即可。在DIY過程中，我們將提供您所需要的所有材料，讓您能夠順利完成美味的甜點。'),
       (3, '我可以攜帶孩子一同參加嗎？',
        '當然可以！我們歡迎家庭一同參加甜點DIY活動。您的孩子將有機會親自參與製作甜點，並在專業師傅的指導下學習烘焙技巧。請注意，兒童必須由家長或監護人陪同參與。'),
       (3, '我有特殊飲食需求，能在甜點DIY活動中得到滿足嗎？',
        '當然！請在報名時告知我們您的特殊飲食需求，無論是食物過敏、素食還是其他需求，我們將盡力滿足您的要求。我們的目標是確保每個參與者都能在活動中享受美味的甜點。'),
       (1, '我擁有食物過敏，該如何參加甜點DIY活動？',
        '如果您有食物過敏，請在報名時提前告知我們。我們將採取額外的措施，確保您的甜點DIY體驗安全無憂。我們會提供適合您飲食需求的替代食材，以確保您能夠參與並享受活動。'),
       (1, 'DIY甜點材料是否新鮮？',
        '是的，我們非常重視材料的新鮮度和質量。我們將為每位參與者提供新鮮的食材，確保您製作的甜點具有最佳的風味和質地。我們的食材選擇經過精心挑選，以確保最高的滿意度。'),
       (0, '我可以在課程中自己提出甜點的想法嗎？',
        '當然可以！我們鼓勵創造力和個性化。如果您有特別想製作的甜點，請在報名時或活動開始前告知我們。我們的專業師傅將盡力滿足您的需求，並指導您實現您的烘焙夢想。'),
       (1, 'DIY甜點活動是否提供外帶或外送選項？',
        '是的，我們提供外帶和外送選項，以便您在家中或其他地方享受您製作的美味甜點。如果您想要外帶或外送，請提前通知我們，我們將為您安排。額外的費用可能適用。'),
       (1, '我需要提前報名參加甜點DIY活動嗎？',
        '是的，為了確保我們為每位參與者提供最好的體驗，我們建議您提前報名。我們的活動名額有限，預約通常是先到先得。通過提前報名，您可以確保您的位置並參加您選擇的日期和時間的活動。如果您臨時決定參加，也可以嘗試現場報名，但可能受到名額限制。');
INSERT INTO ARTICLE (ART_TITLE, ART_CONTEXT, MEM_ID)
VALUES ('如何製作完美的巧克力蛋糕',
        '製作巧克力蛋糕是一門藝術，讓我們分享一些技巧和步驟，以製作一個口感濕潤、濃郁的巧克力蛋糕。首先，選擇高品質的巧克力是成功的關鍵。然後，掌握混合、烘焙和裝飾的技巧。歡迎分享您的巧克力蛋糕創作！',
        2),
       ('季節水果的甜點靈感',
        '每個季節都有不同的水果，讓我們一起探討如何將季節水果巧妙地融入各種甜點中，享受新鮮的風味！請分享您最喜歡的季節水果甜點配方。',
        4),
       ('烘焙器具的選購建議',
        '想買些新的烘焙器具，但不知道從何入手？來這裡討論和分享選購烘焙器具的經驗和建議。無論是烤箱、攪拌器還是模具，都有許多選擇需要考慮。',
        3),
       ('無糖甜點的烹飪秘訣',
        '無糖或低糖飲食的人們，一起交流如何製作美味的無糖甜點，並分享糖代替品的使用技巧。我們可以一起探討如何減少糖分，但仍保持甜點的美味。',
        1),
       ('家常甜點的風味回憶',
        '分享關於家裡傳統的家常甜點，這些食物是我們童年的回憶，讓我們一起回味！不論是媽媽的蘋果派還是奶奶的果醬餅乾，這些味道令人難以忘懷。',
        5),
       ('最愛的冰淇淋口味是什麼？',
        '分析最愛的冰淇淋口味，並討論不同地區的獨特冰淇淋風味。無論是草莓、巧克力、還是咖啡口味，每個人都有自己的最愛。', 2),
       ('經典與創新：傳統甜點的變革',
        '討論如何將經典的甜點配方進行創新和變革，創造出令人驚艷的新口味。有時候，加入一些新的元素可以讓經典甜點更有趣味。',
        4),
       ('最難忘的甜點體驗',
        '大家來分享自己生活中最難忘的甜點體驗，是在哪裡，品嚐了什麼特別的甜點？也許是在一次特別的旅行中，或者是在一家隱藏的小店裡。',
        1),
       ('DIY甜點的成功故事',
        '如果您曾嘗試過DIY甜點，歡迎分享您的成功故事和獨特的創作。無論是一次特殊的慶祝活動還是單純的周末娛樂，DIY甜點總是充滿樂趣。',
        3),
       ('甜點與健康的平衡',
        '討論如何在享受美味甜點的同時，保持健康的飲食平衡，分享減糖和減脂的健康選擇。健康和美味絕不是互斥的！', 5);

INSERT INTO ARTICLE_MESSAGE (MSG_CONTEXT, MEM_ID, ART_NO)
VALUES ('我最喜歡巧克力蛋糕了！謝謝分享製作的技巧，我一定會試試看。', 4, 2),
       ('製作巧克力蛋糕真的是一門藝術，需要仔細的步驟和高品質的巧克力。', 1, 2),
       ('這篇文章讓我口水直流，巧克力蛋糕是我的最愛！', 5, 2),
       ('季節水果真的是製作甜點的好材料，我最喜歡夏天的草莓和藍莓！', 5, 2),
       ('我也喜歡用新鮮水果來做甜點，這樣口感特別好，而且更加健康。', 1, 2),
       ('有人有季節水果甜點的食譜嗎？想嘗試一下。', 3, 2),
       ('選購烘焙器具的時候，我建議先確定你最常使用的器具，然後投資在質量較好的產品上。', 2, 3),
       ('對於烘焙器具，品質真的很重要，劣質的器具可能會影響到食物的味道和口感。', 4, 3),
       ('我通常在專業烘焙店或網站上買烘焙器具，這樣可以確保質量。', 5, 3),
       ('無糖甜點的烹飪要更有挑戰性，但經過練習後，可以做出美味又健康的甜點。', 1, 4),
       ('使用天然的糖代替品，如蜂蜜或楓糖漿，可以增加無糖甜點的風味。', 3, 4),
       ('我最近嘗試做了一個無糖蘋果派，大家有興趣我可以分享食譜。', 2, 4),
       ('家常甜點總是充滿溫馨的回憶，我最愛媽媽做的蘋果派。', 5, 5),
       ('對我來說，奶奶的果醬餅乾永遠是最美味的甜點！', 4, 5),
       ('有人可以分享自己家的家常甜點食譜嗎？', 1, 5),
       ('我最喜歡的冰淇淋口味是香草，搭配巧克力醬超級好吃！', 2, 6),
       ('我喜歡試試不同的冰淇淋口味，最近發現了榛子巧克力口味，也很美味。', 3, 6),
       ('不同地區的冰淇淋風味真的很有趣，我有次旅行時品嚐到了當地特有的口味。', 4, 6),
       ('經典甜點可以帶來懷舊的感覺，但創新甜點也有其獨特之處。', 5, 7),
       ('有時候，加入一些新的元素可以使經典甜點更有趣味，我喜歡嘗試不同的變化。', 2, 7),
       ('有人試過將傳統甜點轉化為現代版嗎？分享一下你的經驗！', 3, 7),
       ('我也有許多難忘的甜點體驗，特別是在旅行中，每個地方都有獨特的甜點。', 4, 8),
       ('一個特別的甜點可以讓整個旅行更加難忘，有時候我還會特意去尋找當地的特色甜品。', 1, 8);

-- 第1篇文章的留言檢舉
INSERT INTO ARTICLE_MESSAGE_REPORT (RPMSG_CONTEXT, MEM_ID, MSG_NO)
VALUES ('這個人留言就為了刷流量，內容有夠主觀，爛死了', 1, 1);

-- 第2篇文章的留言檢舉
INSERT INTO ARTICLE_MESSAGE_REPORT (RPMSG_CONTEXT, MEM_ID, MSG_NO)
VALUES ('這個留言不恰當，請刪除它。', 2, 7);

-- 第3篇文章的留言檢舉
INSERT INTO ARTICLE_MESSAGE_REPORT (RPMSG_CONTEXT, MEM_ID, MSG_NO)
VALUES ('這個留言包含冒犯性內容，請立即處理。', 4, 10);

-- 第4篇文章的留言檢舉
INSERT INTO ARTICLE_MESSAGE_REPORT (RPMSG_CONTEXT, MEM_ID, MSG_NO)
VALUES ('我認為這個留言是不當的，請檢查並採取適當的措施。', 1, 13);

-- 第5篇文章的留言檢舉
INSERT INTO ARTICLE_MESSAGE_REPORT (RPMSG_CONTEXT, MEM_ID, MSG_NO)
VALUES ('這個留言可能是垃圾訊息，請查看並刪除。', 3, 16);

-- 第6篇文章的留言檢舉
INSERT INTO ARTICLE_MESSAGE_REPORT (RPMSG_CONTEXT, MEM_ID, MSG_NO)
VALUES ('這個留言含有不適當的內容，應予以處理。', 5, 19);

-- 第7篇文章的留言檢舉
INSERT INTO ARTICLE_MESSAGE_REPORT (RPMSG_CONTEXT, MEM_ID, MSG_NO)
VALUES ('這個留言可能是垃圾或濫用訊息，請進行審查。', 2, 22);

-- 第8篇文章的留言檢舉
INSERT INTO ARTICLE_MESSAGE_REPORT (RPMSG_CONTEXT, MEM_ID, MSG_NO)
VALUES ('我認為這個留言不適當，請查看並處理。', 4, 23);

-- 第9篇文章的留言檢舉
INSERT INTO ARTICLE_MESSAGE_REPORT (RPMSG_CONTEXT, MEM_ID, MSG_NO)
VALUES ('這個留言可能違反規定，請檢查並做出相應處理。', 1, 18);

-- 第10篇文章的留言檢舉
INSERT INTO ARTICLE_MESSAGE_REPORT (RPMSG_CONTEXT, MEM_ID, MSG_NO)
VALUES ('我認為這個留言含有冒犯性內容，請處理。', 3, 11);


INSERT INTO TOKEN (TOKEN_COUNT, TOKEN_GETUSE, MEM_ID)
values (10, 0, 1),
       (13, 0, 2),
       (5, 0, 3),
       (6, 0, 4),
       (7, 0, 5),
       (-5, 3, 1),
       (-3, 3, 2);

INSERT INTO diy_cate (DIY_NAME, DIY_STATUS, DIY_CATE_NAME, ITEM_DETAILS, AMOUNT)
VALUES ('乳酪蛋糕', 0, 3, '我是乳酪蛋糕', 700),
       ('超大麵包', 0, 0, '我是大麵包', 450),
       ('巧克力蛋糕', 0, 1, '巧克力做成的蛋糕', 600),
       ('芒果蛋糕', 0, 1, '芒果做成的蛋糕', 550),
       ('巧克力餅乾', 0, 0, '巧克力做成的餅乾', 450),
       ('草莓蛋糕', 0, 1, '草莓做成的蛋糕', 790),
       ('芒果泡芙', 1, 0, '芒果做成的泡芙', 660);

INSERT INTO diy_order (MEM_ID, DIY_NO, CONTACT_PERSON, CONTACT_PHONE, RESERVATION_NUM, DIY_PERIOD, DIY_RESERVE_DATE,
                       CREATE_TIME, RESERVATION_STATUS, PAYMENT_STATUS, DIY_PRICE)
VALUES (1, 1, 'David', '0978127324', 4, 0, '2023-08-04', '2023-06-04', 0, 0, 580),
       (2, 2, 'Lucy', '0931344182', 4, 1, '2023-08-06', '2023-07-04', 0, 0, 1080);


INSERT INTO DIY_FORUM(MEM_ID, DIY_NO, ARTI_CONT, DIY_GRA, CREATE_TIME)
VALUES (4, 4, '我覺得超級好玩', 5, DEFAULT),
       (4, 4, '專題好累', 3, DEFAULT),
       (4, 4, '為了專題做蛋糕', 2, DEFAULT),
       (4, 4, '買85度C回家吃實在', 1, DEFAULT),
       (4, 4, '希望做完蛋糕能追到妹仔 讚讚讚 下次還要來', 5, DEFAULT);


INSERT INTO DIY_RESERVE_RESULT( DIY_RESERVE_DATE, DIY_PERIOD, PEO_COUNT
                              , RESERVE_STATUS, RESERVE_UPD_TIME, PEO_LIMIT, ITEM_QUANTITY)
VALUES ('2023-05-31', 0, 4, 0, default, 30, 20),
       ('2023-03-29', 2, 2, 1, default, 30, 20),
       ('2023-04-03', 1, 1, default, default, 30, 20),
       ('2023-05-31', 2, 4, default, default, 30, 20),
       ('2023-05-29', 1, 3, default, default, 30, 20);

INSERT INTO ING_STORAGE( BRAND, ING_NUMS, ING_NAME
                       , `STATUS`, SERVING_SIZE)
    VALUE ('A牌', 2000, '蛋白液', '0', '80'),
    ('B牌', 3300, '香料', '0', '10'),
    ('C牌', 3000, '麵粉', '0', '500'),
    ('D牌', 1800, '芒果', '0', '300');

INSERT INTO DIY_ING(DIY_NO, ING_ID, ING_COUNT)
    VALUE ('7', '1', '80'),
    ('7', '3', '500'),
    ('7', '4', '300');

INSERT INTO EMPLOYEE (EMP_NAME, EMP_ACCOUNT, EMP_PASSWORD, EMP_EMAIL, EMP_STATUS)
VALUES ('女王', 'Root', 'c592f84b4cffa1d360e87ff7651fa6f564a0d119ec67ada1c6098fae3a511cc14af61826ae5a09965c49b80904219bcb95d53b6017cde9ce12b44e2f5fd25259', 'while8@gmail.com', '1'), #tibame515
       ('襪襪是廚師', 'D100002', '781e4215a7c4418c4292aae18839fe8ab7b5f73a39faee31fe9f0bc4692d47537ada39ad23e626058da0bd14010c6db83c605609ba9ee2d7b9e6cc6651eeb55e', 'seefood@yahoo.tw', '1'),    # 師傅 seefood
       ('襪襪是隻貓', 'D100003', '74ffdd13ba4c7570117f5898d0ac5bfca3c0324d70fb93884aa02db074503995de1c4cfa81bdcbfcda65e43e13b9c18642c59429f56f4afadb1b86a1a30132a6', 'meowmeow@gmail.com', '1'), # 商店 meowmeow
       ('襪襪吃肉泥', 'D100004', '21b9ba16cfee150f2355e7517f246ab121dbc148b7d3962d09c26857f5bf882db34092a4b7cfa7a00f3aa3905549aa06e86f1b8fced0ca7bbe3599bde0f99a13', 'eatmeat@gmail.com', '1'),   # 課程 eatmeat
       ('襪襪睡覺覺', 'D100005', '6def5c17d9e6a7417d49ac1048854b8f9b253fd1345d7e8596c676a6f34f766ab95fb0064a2290caa5de07a9bbdf1b2682641b1b4cfe641b50f2dd84435a6976', 'sleep666@gmail.com', '1'), # 會員 sleep666
--       ('襪襪出去玩', 'D100006', '4f776de7b3e3f7f0cf6ab532baaaa54942b0650d25a7996b0a18f29248149c78cfc7734a49b9c95f8a3ee8bd14f087529a4a394d288525bb38c93dcd9d28d84c', 'outdoor@msn.com', '1'),     # 倉儲 outdoor
       ('襪襪裝起來', 'D100007', 'dcd7c479b9f7cc79a11098314b1004ef9ae43ded190d6fbd0799d7a7303472233a8e9631c8f2a4ba198107a9bac924c49539a6bc662bbf8dfb03bbcdd1f9277e', 'bagmeow@yahoo.com', '1');   # 客服 bagmeow


INSERT INTO BACKSTAGE_FUN (AUTH_ID, AUTH_FUN, TYPE_FUN)
VALUES ('1', '商品訂單管理', 'SHOP'),
       ('2', '商品管理', 'SHOP'),
       ('3', 'DIY類別設定', 'CLASS'),
       ('4', 'DIY訂單管理', 'CLASS'),
       ('5', '甜點課程訂單管理', 'MASTER'),
       ('6', '師傅資料管理', 'MASTER'),
       ('7', '回覆聊天室訊息', 'MASTER'),
       ('8', '甜點課程管理', 'MASTER'),
       ('9', '會員帳號管理', 'MEMADMIN'),
       ('10', '黑名單管理', 'MEMADMIN'),
       ('11', '食材管理', 'STORADMIN'),
       ('12', '進貨管理', 'STORADMIN'),
       ('13', '常見問題管理', 'CUSTORSERVICE'),
       ('14', '帖子討論區管理', 'CUSTORSERVICE'),
       ('15', '後台帳號管理', 'BACKADMIN');

INSERT INTO BACKSTAGE_AUTH(EMP_ID, AUTH_ID)
VALUES ('1', '1'),
       ('1', '2'),
       ('1', '3'),
       ('1', '4'),
       ('1', '5'),
       ('1', '6'),
       ('1', '7'),
       ('1', '8'),
       ('1', '9'),
       ('1', '10'),
       ('1', '11'),
       ('1', '12'),
       ('1', '13'),
       ('1', '14'),
       ('1', '15');

INSERT INTO BACKSTAGE_AUTH(EMP_ID, AUTH_ID)
VALUES ('2', '5'),
       ('2', '6'),
       ('2', '7'),
       ('2', '8'),
       ('3', '1'),
       ('3', '2'),
       ('4', '3'),
       ('4', '4'),
       ('5', '9'),
       ('5', '10'),
       ('6', '11'),
       ('6', '12'),
       ('7', '13'),
       ('7', '14');


INSERT INTO NOTICE(MEM_ID, NOTICE_TITLE, NOTICE_TIME)
VALUES (1, '您的留言因受到檢舉並審核通過，提醒您若受到檢舉三次將只能瀏覽文章。',
        '2021-4-2 22:59:30'),
       (2, '您因多次受到檢舉已進入黑名單，無法再使用該功能。', '2021-4-2 22:59:30'),
       (3, '您的文章有一個新留言，快來看看吧～',
        '2020-3-1 02:03:04'),
       (4, '您的文章有一個新留言，快來看看吧～',
        '2023-3-30 18:05:59'),
       (5, '您的留言因受到檢舉並審核通過，提醒您若受到檢舉三次將只能瀏覽文章。',
        '2023-7-7 07:07:07');


INSERT INTO CHATROOM(MEM_ID, TEA_ID, CHAT_TIME, CHAT_CONTEXT, CHAT_DIR)
VALUES (1, 5, '2023-7-26 13:20:45',
        '您好！我特別喜歡法式甜點。看到老師也有開關於法式甜點的課程很感興趣，不知道如果想要請老師規劃客製化課程要提供什麼資訊',
        1),
       (2, 4, '2023-7-15 03:20:45',
        '我設計了一堂包含製作克里姆布蓋和馬卡龍的課程計畫。這些甜點都有不同的製作技巧，從麵團的製作到烤焙都會涵蓋哦', 0),
       (3, 1, '2022-6-20 02:02:02', '考慮過後還是覺得算了，不好意思', 1),
       (4, 2, '2021-12-31 01:02:03',
        '想要做一個蛋糕可以帶來新年新氣象，同時展現台灣煙火文化又有新年傳統的寓意，老師您有辦法嗎', 1),
       (5, 1, '2020-01-01 22:22:22', '夢裡什麼都有哦', 0);

INSERT INTO diyla.teacher (`TEA_ID`, `EMP_ID`, `TEA_NAME`, `TEA_GENDER`, `TEA_PHONE`, `TEA_INTRO`, `TEA_EMAIL`,
                           `TEA_STATUS`)
VALUES ('1', '1', '無詠致', '0', '0988772332', '多年的Java糕點經驗,具有多張烘焙執照,想做出好甜點找他就對了',
        'wuyuanzi@gmail.com', '0');

INSERT INTO diyla.speciality(`SPE_ID`, `SPE_NAME`)
VALUES ('1', '烘焙丙級'),
       ('2', '烘焙乙級'),
       ('3', '烘焙甲級');

INSERT INTO diyla.tea_speciality(`TEA_ID`, `SPE_ID`)
VALUES ('1', '3');

INSERT INTO diyla.class(`CLASS_ID`, `CATEGORY`, `TEA_ID`, `REG_END_TIME`, `CLASS_DATE`, `CLASS_SEQ`, `CLASS_LIMIT`, `PRICE`,
                        `INTRO`, `CLASS_NAME`, `HEADCOUNT`, `CLASS_STATUS`)
VALUES ('1', '1', '1', '2023-07-30 12:00:00', '2023-08-01', '0', '5', '1500', '或許各位都有在店面看過輕乳酪蛋糕或重乳酪蛋糕,那箇中差異為何?以及能夠變化出什麼花樣呢?想知道的話就來上課吧!
目前課程價格只要: 1300元喔!', '起司蛋糕詳解課程', '3', '1'),
       ('2', '3', '1', '2023-07-31 12:00:00', '2023-08-02', '0', '5', '1000', '相信大家都有吃過軟或硬的法國麵包,此課程詳細說明法國麵包的作法,讓你做出屬於自己的法國麵包
目前課程價格只要: 1200元喔!', '法國麵包課程', '2', '1');

INSERT INTO diyla.class_reserve(`RESERVE_ID`, `CLASS_ID`, `MEM_ID`, `HEADCOUNT`, `STATUS`, `CREATE_TIME`, `TOTAL_PRICE`)
VALUES ('1', '1', '1', '3', '0', CURRENT_TIMESTAMP, '4500');

INSERT INTO diyla.ing_storage(`BRAND`, `ING_NUMS`, `ING_NAME`, `STATUS`, `SERVING_SIZE`)
VALUES ('安佳', '4500', '奶油', '0', '45'),
       ('台糖', '50000', '砂糖', '0', '500'),
       ('四方', '60000', '鮮奶', '0', '1000'),
       ('聯華', '0', '高筋麵粉', '1', '10000'),
       ('日正食品', '100000', '高筋麵粉', '0', '1000'),
       ('日正食品', '100000', '中筋麵粉', '0', '1000'),
       ('日正食品', '50000', '低筋麵粉', '0', '1000'),
       ('安佳', '50000', '鮮奶油', '0', '1000'),
       ('石安牧場', '6000', '雞蛋', '0', '60'),
       ('得福', '1000', '吉利丁片', '0', '50'),
       ('菲力', '5000', '鮮奶油乳酪', '0', '250');




